name	type	inds
взрослый	age	238,1519,1932,8756,1845,1852,1882,1902,2874,3671,4575,6330,7382,7383,8198,8199,8211
детский	age	814,1004,1037,3103,3104,3243,3713,4457,4646,6043,7118,7129,9016,262,2139,3549,3872,5930,6162,6327,6328,6551,6808,7828,8446,9,57,60,77,92,98,133,138,146,153,171,180,187,189,215,216,219,219,229,230,231,239,241,243,247,257,269,276,280,281,295,296,297,309,317,344,349,352,369,389,401,447,449,474,486,490,496,507,509,513,530,552,557,568,572,578,589,596,603,617,620,627,632,641,642,668,679,698,708,719,733,756,759,774,778,780,781,782,786,788,789,790,796,797,798,826,843,844,869,878,879,890,908,915,932,947,949,954,955,976,977,980,991,1005,1014,1031,1035,1055,1057,1071,1077,1078,1081,1097,1122,1146,1147,1164,1168,1181,1207,1209,1217,1230,1231,1232,1289,1321,1323,1350,1352,1387,1396,1401,1408,1439,1459,1462,1475,1488,1535,1564,1601,1610,1615,1635,1637,1644,1659,1686,1704,1715,1727,1728,1733,1736,1742,1747,1750,1786,1796,1797,1798,1805,1813,1815,1820,1851,1853,1866,1870,1871,1884,1885,1904,1905,1907,1909,1910,1931,1945,2009,2019,2031,2032,2051,2098,2136,2150,2174,2178,2188,2189,2209,2211,2226,2228,2229,2264,2282,2288,2296,2309,2313,2321,2330,2367,2369,2374,2376,2378,2423,2531,2580,2581,2606,2625,2659,2671,2673,2692,2694,2695,2696,2704,2706,2753,2775,2805,2841,2847,2849,2873,2896,2899,2909,2924,2939,2942,2952,2953,2969,2972,3002,3003,3039,3059,3067,3104,3111,3161,3181,3196,3208,3209,3232,3234,3256,3265,3332,3343,3367,3389,3399,3419,3422,3431,3433,3434,3448,3452,3455,3479,3481,3482,3486,3505,3514,3540,3562,3589,3607,3674,3702,3705,3706,3711,3723,3728,3746,3747,3760,3766,3767,3783,3787,3796,3797,3800,3801,3817,3839,3854,3887,3889,3895,3896,3906,3909,3911,3945,3985,4006,4007,4017,4020,4023,4026,4070,4133,4134,4140,4152,4171,4183,4184,4203,4217,4237,4262,4266,4267,4289,4309,4318,4340,4342,4346,4364,4402,4413,4414,4419,4426,4428,4430,4446,4449,4460,4462,4473,4481,4484,4486,4516,4542,4583,4609,4618,4634,4636,4642,4666,4667,4724,4730,4733,4747,4749,4763,4768,4774,4792,4807,4813,4814,4863,4896,4897,4898,4934,4965,4996,5018,5023,5043,5050,5062,5083,5120,5131,5179,5199,5202,5224,5271,5295,5327,5342,5356,5376,5428,5460,5510,5523,5529,5538,5553,5568,5574,5581,5590,5600,5609,5614,5619,5632,5644,5646,5776,5778,5787,5791,5822,5847,5975,6027,6033,6038,6054,6071,6113,6120,6133,6140,6148,6166,6173,6186,6245,6255,6290,6310,6325,6338,6383,6398,6403,6422,6447,6456,6484,6502,6507,6509,6521,6531,6543,6560,6563,6580,6590,6600,6650,6657,6672,6696,6706,6716,6719,6737,6746,6749,6753,6755,6767,6790,6793,6795,6797,6816,6817,6818,6823,6829,6834,6837,6864,6876,6877,6891,6892,6896,6912,6928,6931,6947,6955,6961,6964,6970,6973,6999,7024,7025,7033,7046,7064,7074,7077,7081,7110,7114,7121,7122,7124,7136,7152,7167,7199,7209,7232,7233,7259,7263,7307,7345,7347,7353,7393,7398,7410,7412,7423,7469,7472,7474,7478,7488,7495,7508,7532,7557,7572,7573,7574,7585,7595,7629,7630,7631,7730,7746,7786,7794,7869,7873,7876,7900,7901,7902,7911,7936,7947,7950,7985,7999,8017,8042,8061,8063,8085,8094,8111,8122,8140,8148,8152,8164,8166,8169,8175,8203,8206,8233,8234,8245,8342,8372,8390,8415,8423,8439,8460,8461,8463,8464,8469,8476,8500,8593,8628,8631,8671,8754,8762,8789,8797,8815,8860,8883,8931,8935,8974,9041,9061,9068,9078,9097,9134,9153,9192,9214,9222,9242,9255,9256,9258,9268,9331,9338,9348,9360,9364,9368,9395,9409,9411,9414,9439,9456,9476,9482,9487,9506,9534,9541,26,34,100,101,110,206,227,235,242,275,305,324,325,347,488,541,544,683,695,696,697,757,758,761,762,763,764,765,766,767,768,769,770,771,772,813,833,860,864,876,888,918,922,967,969,973,1038,1041,1065,1072,1108,1109,1117,1139,1152,1305,1354,1491,1492,1496,1500,1630,1645,1647,1651,1687,1697,1707,1718,1720,1722,1765,1783,1795,1810,1816,1869,1874,1891,1933,1943,1946,1961,1989,2142,2159,2161,2206,2207,2208,2334,2340,2354,2627,2628,2645,2660,2662,2669,2682,2683,2690,2698,2722,2723,2724,2828,2838,2878,2879,2914,2930,2961,3043,3044,3052,3062,3184,3190,3248,3287,3336,3383,3390,3408,3418,3442,3464,3522,3526,3527,3528,3529,3530,3531,3548,3553,3555,3564,3611,3616,3618,3622,3641,3645,3659,3662,3688,3717,3785,3794,3834,3836,3838,3849,3865,3866,3867,3898,3900,3920,3923,3939,3943,3983,4035,4039,4075,4076,4101,4111,4113,4124,4180,4213,4214,4215,4244,4264,4334,4339,4357,4395,4424,4470,4479,4498,4525,4546,4559,4577,4578,4644,4647,4651,4655,4797,4869,4880,4914,4981,4995,5003,5104,5112,5181,5291,5326,5362,5373,5466,5475,5478,5490,5509,5511,5512,5514,5517,5520,5534,5544,5623,5639,5649,5675,5676,5677,5699,5707,5715,5716,5728,5729,5744,5767,5811,5817,5843,5867,5870,5872,5875,5900,5961,5982,6012,6017,6042,6056,6066,6069,6075,6092,6095,6104,6112,6122,6124,6125,6127,6128,6129,6135,6136,6147,6150,6152,6153,6154,6157,6158,6159,6172,6193,6194,6205,6210,6211,6230,6238,6279,6298,6308,6309,6332,6333,6348,6351,6373,6378,6394,6409,6421,6424,6445,6448,6450,6470,6504,6545,6556,6561,6562,6573,6586,6608,6612,6629,6631,6633,6645,6652,6658,6698,6740,6805,6822,6841,6842,6865,6880,6883,6901,6909,6921,6939,6946,6979,6985,6988,7023,7036,7042,7043,7059,7061,7132,7134,7138,7139,7172,7198,7280,7318,7319,7323,7343,7344,7364,7368,7376,7378,7450,7489,7496,7501,7503,7514,7518,7527,7542,7555,7564,7593,7615,7639,7658,7664,7708,7731,7771,7773,7775,7846,7849,7850,7854,7855,7860,7930,7971,7986,7992,8039,8055,8112,8115,8204,8207,8239,8325,8345,8387,8395,8410,8444,8445,8451,8454,8462,8473,8489,8502,8512,8533,8536,8540,8576,8625,8637,8657,8746,8753,8775,8794,8816,8817,8818,8819,8820,8821,8822,8825,8826,8827,8828,8847,8856,8865,8891,8912,8997,9035,9072,9094,9100,9131,9146,9150,9157,9223,9266,9273,9291,9332,9345,9346,9428,9452,9508,9512,9527
молодёжный	age	1051,3872,4045,4050,4389,4390,5641,6715,123,2086,2977,3995,4756,4758,5126,5439,5672,5990,6281,6302,6511,6729,8117,8158,180,262,535,624,631,773,814,1004,1037,1132,1140,1700,1710,1729,1744,1748,1935,2033,2139,2948,2988,3103,3103,3104,3149,3243,3373,3549,3713,3744,3872,4069,4457,4547,4646,5131,5597,5614,5930,6043,6162,6327,6328,6413,6551,6808,6812,7118,7129,7639,7828,8446,9016,9535,399,407,540,825,886,959,1106,2887,2979,4417,6191,6585,6623,7497,8441
пожилое	age	3072
городской	area	10,25,38,69,84,87,103,106,107,109,110,134,136,142,147,177,187,204,220,239,240,242,244,268,291,321,339,344,349,359,387,388,395,406,473,474,500,519,557,558,570,619,623,643,645,672,693,704,714,716,728,730,732,740,741,756,782,785,788,789,821,843,844,859,884,889,908,914,915,916,923,932,934,939,992,1004,1005,1006,1009,1074,1084,1086,1178,1208,1217,1351,1352,1353,1355,1386,1470,1484,1489,1505,1522,1537,1548,1585,1593,1601,1602,1611,1612,1613,1644,1685,1688,1690,1705,1728,1743,1763,1767,1796,1797,1798,1800,1805,1811,1855,1960,1962,1962,1971,1972,1973,1974,1984,1986,2018,2019,2050,2058,2090,2092,2097,2114,2128,2151,2153,2159,2177,2191,2209,2210,2277,2289,2290,2322,2331,2333,2334,2370,2376,2377,2602,2623,2654,2669,2679,2680,2689,2701,2780,2793,2824,2834,2854,2859,2895,2910,2911,2944,2958,2959,2960,2961,2962,2963,2970,2983,2989,3039,3041,3053,3068,3144,3161,3169,3213,3241,3296,3345,3360,3362,3379,3384,3385,3392,3397,3429,3430,3431,3432,3433,3434,3435,3439,3440,3477,3482,3492,3499,3550,3551,3584,3601,3604,3671,3673,3675,3695,3715,3726,3729,3762,3805,3872,3876,3926,3940,3987,4007,4016,4026,4036,4049,4098,4176,4178,4179,4185,4186,4187,4188,4189,4190,4191,4192,4193,4194,4236,4265,4321,4324,4345,4359,4361,4363,4388,4389,4390,4416,4437,4440,4459,4466,4482,4613,4616,4617,4652,4662,4667,4670,4673,4719,4728,4730,4759,4760,4762,4789,4791,4860,4861,4862,4863,4878,4977,4983,5024,5042,5043,5044,5057,5059,5121,5128,5133,5153,5163,5189,5295,5299,5315,5322,5323,5328,5425,5495,5510,5543,5576,5599,5609,5627,5630,5633,5647,5659,5681,5682,5692,5696,5711,5713,5734,5842,5879,5889,5892,5896,5924,5927,5928,5945,5963,5964,5974,6034,6037,6055,6113,6156,6165,6177,6192,6273,6350,6355,6406,6503,6519,6578,6606,6672,6674,6679,6693,6720,6721,6722,6723,6750,6769,6776,6794,6828,6847,6916,6949,6950,7119,7127,7157,7166,7192,7274,7293,7361,7363,7396,7408,7417,7440,7461,7462,7464,7480,7508,7523,7540,7543,7563,7570,7571,7572,7573,7574,7647,7673,7675,7729,7739,7740,7741,7744,7759,7762,7875,7949,7970,7972,7973,7985,8046,8105,8108,8112,8120,8134,8138,8152,8157,8160,8166,8167,8171,8174,8187,8189,8191,8217,8224,8233,8244,8389,8453,8483,8559,8631,8672,8724,8772,8806,8851,8867,8980,9020,9055,9056,9093,9103,9105,9106,9141,9143,9161,9162,9167,9194,9194,9201,9219,9243,9257,9261,9268,9272,9296,9331,9410,9417,9458,9469,9509,241,255,256,257,323,345,378,400,401,424,705,874,1008,1057,1058,1059,1060,1083,1204,1205,1206,1207,1389,1390,1462,1579,1641,1823,1958,2034,2052,2143,2146,2147,2148,2160,2163,2164,2171,2172,2173,2183,2195,2196,2197,2198,2199,2200,2201,2202,2203,2204,2205,2332,2353,2502,2667,2720,2727,2728,2729,2730,2749,2751,2752,2835,2839,2924,3102,3103,3104,3142,3208,3209,3211,3243,3348,3349,3350,3399,3401,3406,3410,3455,3461,3496,3710,3712,3730,3741,3744,3746,3747,3751,3752,3753,3763,3764,3765,3783,4008,4141,4195,4207,4211,4212,4243,4245,4262,4263,4267,4268,4409,4534,4539,4576,4584,4589,4601,4615,4625,4627,4727,4737,4764,4968,4969,5023,5109,5199,5200,5201,5251,5330,5374,5375,5476,5552,5612,5793,5797,5798,5799,5800,5805,5806,5807,5808,5813,5822,5977,5984,5998,6048,6139,6140,6141,6142,6197,6254,6300,6325,6339,6370,6413,6501,6530,6600,6601,6609,6642,6716,6749,6766,6767,6829,6860,6861,6875,6876,6948,6994,7010,7024,7025,7026,7027,7044,7169,7170,7171,7201,7252,7335,7336,7337,7338,7339,7340,7341,7342,7345,7346,7348,7398,7431,7432,7485,7511,7567,7577,7847,8083,8122,8145,8170,8223,8550,8551,8552,8613,8860,8892,8907,8935,8969,9013,9018,9034,9128,9168,9172,9356,9357,9358,9359,9413,9529
межпоселенческий	area	48,90,117,144,167,170,178,182,198,207,212,222,224,306,348,420,447,448,462,469,534,544,577,607,653,690,691,707,709,718,720,727,738,739,743,747,776,777,812,816,829,832,862,863,894,906,920,933,950,1049,1066,1079,1085,1120,1145,1246,1255,1256,1323,1324,1356,1439,1441,1473,1485,1515,1552,1556,1592,1637,1694,1699,1816,1876,2062,2122,2308,2454,2681,2684,2699,2758,2786,2850,2877,2882,2885,2886,2981,2985,2992,2998,3140,3158,3164,3165,3167,3176,3215,3244,3273,3317,3324,3344,3368,3369,3371,3512,3521,3533,3574,3582,3583,3761,3807,3913,3955,3973,3994,4065,4068,4242,4260,4304,4326,4375,4387,4410,4469,4478,4489,4490,4606,4623,4643,4659,4671,4717,4735,4740,4742,4755,4853,4903,5007,5061,5067,5097,5107,5136,5145,5167,5312,5438,5520,5575,5712,5846,5925,5968,6123,6130,6171,6198,6290,6371,6510,6555,6663,6708,6735,6756,6768,6784,6854,7021,7126,7288,7311,7399,7506,7524,7853,8149,8153,8163,8438,8474,8587,8766,8769,8773,8786,8890,9079,9146,9339,9363,168,191,289,315,346,363,368,405,451,516,572,583,610,618,644,688,713,752,760,800,834,835,842,861,869,903,912,928,1029,1064,1069,1098,1101,1138,1170,1179,1181,1326,1369,1477,1480,1520,1538,1540,1545,1547,1549,1558,1559,1560,1561,1624,1714,1760,1825,1879,2063,2378,2657,2668,2807,2904,2905,2932,3126,3177,3178,3182,3306,3372,3536,3575,3818,3855,3924,4059,4066,4497,4507,4535,4538,4553,4586,4587,4637,4638,4658,4765,4851,4913,4964,5076,5101,5102,5135,5329,5383,5468,5714,5900,5988,6039,6163,6252,6347,6512,6592,6593,6622,6869,6951,7031,7206,7232,7309,7331,7377,7418,7684,7689,7734,8071,8127,8128,8161,8172,8290,8480,8481,8683,8744,8792,8852,9160,9315,9484
поселенческий	area	44,53,61,62,63,64,65,66,67,68,89,111,114,115,116,118,119,120,125,126,128,129,130,140,215,501,550,608,652,694,726,951,953,956,1251,1322,1541,2000,2001,2002,2004,2005,2026,2035,2064,2065,2066,2067,2068,2069,2070,2071,2072,2073,2074,2075,2076,2077,2281,2349,2350,2351,2352,2355,2357,2358,2359,2361,2363,2366,2368,2375,2418,2422,2543,2544,2545,2546,2547,2548,2549,2550,2551,2552,2553,2554,2555,2556,2560,2562,2563,2566,2567,2568,2569,2570,2571,2572,2574,2575,2576,2672,2881,2883,2884,3028,3040,3084,3090,3193,3221,3242,3304,3309,3320,3535,3859,3881,3886,3995,4040,4320,4322,4323,4325,4327,4329,4331,4350,4486,4585,4608,4610,4622,4628,4846,4923,4974,5324,5772,6017,6044,6045,6057,6296,6596,6597,6742,6745,6774,7610,7627,7628,7733,7735,8068,8629,8676,8774,8939,8941,8943,8944,9253,9531,686,4592,4612,4614,8298,8299,8301
поселковый	area	43,288,292,1112,1243,1294,1299,1304,1391,1942,1983,2315,2416,2510,2789,2836,3014,3016,3076,3121,3199,3487,3672,3964,4147,4253,4255,4421,4451,4714,5021,5053,5065,5079,5186,5193,5196,5197,5341,6307,6754,6839,8324,8351,8406,8673,8674,8677,8960,9117,9270,9355,9365,9412,9472,9474,9537,4358,5092,7677
сельский	area	0,1,3,5,7,12,13,14,15,16,17,18,19,20,23,28,30,32,36,37,39,40,41,46,70,72,80,81,82,91,95,96,97,99,105,121,122,124,132,135,139,141,143,145,150,151,152,155,162,163,175,185,186,190,196,214,225,226,237,274,278,311,314,319,329,331,333,335,338,341,342,343,350,353,354,355,356,357,358,364,365,392,396,396,397,412,413,414,450,458,461,465,467,470,472,476,478,479,484,485,502,506,508,511,514,523,524,525,527,528,529,530,531,532,533,536,537,538,539,551,559,560,561,566,567,573,574,578,582,584,587,588,594,608,628,629,630,633,648,649,651,654,655,656,657,658,659,660,661,662,664,665,666,667,669,673,674,675,676,677,678,689,699,700,703,712,725,729,731,734,735,736,737,744,746,748,749,751,754,755,779,795,803,804,806,807,808,809,815,818,819,820,831,836,845,846,847,850,851,853,854,856,857,873,875,880,895,896,898,900,902,909,910,948,971,976,981,982,983,984,985,986,987,988,989,990,993,994,995,996,997,999,1000,1001,1002,1010,1017,1018,1019,1024,1025,1026,1043,1056,1062,1070,1087,1091,1133,1151,1180,1182,1183,1184,1185,1186,1187,1188,1189,1190,1191,1192,1193,1195,1196,1200,1200,1201,1201,1202,1202,1203,1220,1221,1222,1223,1224,1225,1226,1227,1228,1229,1235,1237,1238,1239,1240,1243,1244,1245,1248,1249,1250,1251,1252,1253,1254,1258,1259,1260,1261,1262,1263,1264,1279,1281,1284,1286,1287,1288,1290,1291,1292,1293,1294,1296,1297,1298,1300,1301,1302,1303,1307,1308,1309,1310,1311,1312,1313,1314,1315,1316,1317,1318,1319,1320,1327,1328,1329,1330,1331,1332,1333,1334,1335,1336,1337,1338,1339,1340,1348,1349,1357,1358,1359,1360,1361,1362,1363,1364,1365,1366,1367,1368,1370,1371,1372,1373,1374,1375,1376,1377,1378,1379,1380,1381,1382,1383,1384,1385,1394,1395,1397,1398,1399,1400,1402,1403,1404,1405,1406,1407,1409,1410,1411,1412,1413,1414,1416,1417,1418,1424,1425,1428,1438,1440,1442,1443,1444,1445,1447,1448,1452,1454,1455,1457,1458,1463,1487,1494,1509,1536,1541,1567,1568,1570,1571,1572,1573,1574,1582,1609,1621,1623,1628,1631,1636,1639,1640,1642,1643,1649,1653,1654,1655,1656,1657,1665,1666,1667,1668,1669,1670,1672,1673,1674,1675,1691,1711,1712,1761,1769,1771,1817,1818,1819,1830,1832,1833,1834,1835,1836,1837,1838,1839,1840,1842,1843,1844,1845,1846,1847,1848,1849,1850,1851,1852,1927,1929,1930,1936,1937,1938,1939,1940,1941,1947,1948,1949,1950,1951,1952,1985,1987,1988,2016,2036,2037,2048,2053,2061,2078,2080,2081,2082,2083,2084,2087,2088,2089,2106,2107,2108,2123,2124,2125,2126,2127,2129,2130,2131,2132,2137,2138,2144,2145,2162,2165,2166,2167,2168,2169,2170,2180,2182,2184,2212,2213,2214,2215,2216,2217,2218,2219,2220,2221,2222,2223,2224,2225,2227,2230,2231,2232,2233,2234,2235,2236,2237,2238,2239,2240,2241,2242,2243,2244,2245,2246,2247,2248,2249,2251,2252,2253,2254,2256,2257,2258,2259,2260,2261,2262,2263,2265,2266,2267,2268,2269,2270,2271,2272,2273,2274,2275,2276,2278,2279,2284,2285,2286,2287,2291,2292,2294,2295,2297,2298,2299,2301,2302,2312,2314,2316,2317,2318,2319,2320,2323,2324,2325,2326,2327,2328,2329,2336,2337,2338,2339,2341,2342,2343,2344,2345,2360,2362,2364,2365,2367,2369,2371,2372,2379,2380,2381,2382,2383,2384,2385,2386,2387,2388,2389,2390,2391,2392,2393,2394,2395,2396,2397,2398,2399,2400,2401,2402,2403,2404,2405,2406,2407,2408,2409,2410,2411,2412,2413,2414,2415,2417,2419,2420,2421,2424,2425,2426,2427,2428,2429,2430,2431,2432,2433,2434,2435,2436,2437,2438,2439,2440,2442,2443,2444,2445,2446,2447,2448,2449,2450,2451,2452,2453,2455,2456,2458,2459,2460,2461,2462,2463,2464,2465,2466,2467,2468,2469,2470,2471,2472,2473,2474,2476,2479,2480,2481,2482,2483,2485,2487,2488,2489,2490,2491,2492,2493,2495,2496,2497,2498,2499,2500,2501,2513,2530,2532,2533,2534,2535,2536,2537,2538,2539,2540,2541,2542,2573,2577,2578,2579,2587,2588,2589,2590,2591,2592,2593,2594,2595,2597,2598,2599,2600,2601,2603,2608,2611,2612,2613,2614,2615,2616,2617,2618,2619,2620,2626,2629,2631,2632,2634,2635,2636,2637,2638,2639,2640,2641,2642,2649,2652,2653,2700,2703,2705,2707,2715,2717,2721,2731,2732,2739,2740,2741,2745,2746,2747,2748,2750,2756,2759,2760,2761,2762,2763,2764,2765,2767,2768,2769,2770,2771,2772,2773,2774,2776,2777,2778,2779,2781,2792,2794,2795,2796,2797,2798,2799,2808,2811,2812,2813,2814,2815,2816,2817,2818,2819,2820,2821,2822,2823,2825,2826,2827,2829,2830,2831,2832,2833,2837,2851,2852,2853,2856,2857,2858,2860,2861,2862,2863,2864,2865,2866,2867,2868,2870,2871,2872,2876,2879,2893,2908,2916,2917,2918,2920,2925,2926,2928,2929,2933,2934,2936,2945,2956,2957,3005,3007,3008,3010,3011,3012,3017,3018,3019,3023,3024,3025,3026,3027,3029,3030,3031,3032,3034,3035,3036,3037,3038,3042,3045,3046,3048,3049,3051,3057,3058,3069,3070,3071,3073,3077,3083,3085,3086,3087,3088,3089,3091,3096,3097,3098,3105,3106,3107,3108,3109,3110,3120,3122,3125,3137,3139,3141,3143,3145,3150,3156,3160,3166,3174,3183,3197,3198,3201,3205,3206,3207,3210,3212,3214,3216,3217,3218,3219,3220,3222,3223,3224,3225,3226,3227,3229,3230,3239,3246,3247,3263,3264,3268,3269,3270,3271,3274,3275,3276,3277,3278,3279,3280,3282,3283,3284,3285,3288,3289,3292,3294,3295,3298,3300,3307,3308,3310,3311,3319,3325,3328,3330,3331,3333,3334,3335,3337,3338,3339,3340,3341,3354,3355,3356,3357,3358,3361,3365,3366,3374,3375,3394,3395,3396,3405,3414,3416,3417,3420,3424,3425,3426,3427,3437,3441,3443,3447,3456,3457,3458,3459,3460,3462,3463,3465,3469,3470,3471,3472,3473,3474,3476,3483,3485,3488,3489,3495,3502,3504,3516,3517,3520,3523,3524,3539,3558,3559,3560,3561,3563,3565,3566,3567,3568,3569,3570,3571,3572,3573,3585,3587,3590,3591,3592,3593,3594,3595,3596,3597,3598,3599,3600,3681,3691,3700,3701,3703,3704,3731,3732,3733,3734,3735,3736,3737,3755,3758,3759,3770,3771,3772,3774,3777,3778,3779,3780,3786,3788,3789,3791,3792,3798,3799,3803,3806,3808,3811,3812,3813,3814,3815,3823,3824,3825,3826,3827,3831,3840,3842,3843,3844,3846,3847,3848,3850,3856,3858,3861,3862,3864,3868,3869,3870,3875,3878,3879,3884,3890,3891,3892,3904,3905,3907,3914,3915,3916,3917,3918,3919,3931,3933,3934,3935,3937,3941,3949,3950,3951,3952,3953,3956,3957,3958,3959,3960,3961,3962,3963,3965,3966,3967,3971,3972,3975,3976,3977,3982,3991,3992,3993,3995,4011,4012,4013,4014,4025,4031,4032,4060,4142,4145,4148,4149,4150,4151,4153,4159,4160,4161,4162,4163,4164,4165,4166,4167,4168,4169,4170,4174,4175,4177,4208,4218,4219,4220,4221,4222,4223,4224,4225,4226,4227,4228,4229,4230,4231,4232,4233,4234,4235,4239,4246,4247,4248,4249,4250,4251,4252,4254,4256,4257,4258,4259,4261,4288,4292,4293,4294,4295,4296,4297,4298,4299,4301,4302,4303,4305,4312,4319,4333,4335,4336,4337,4338,4341,4344,4348,4352,4353,4354,4360,4362,4373,4374,4394,4403,4404,4405,4420,4422,4423,4427,4431,4434,4441,4442,4443,4444,4445,4448,4450,4458,4475,4483,4488,4501,4504,4508,4520,4522,4524,4533,4536,4555,4556,4557,4558,4560,4561,4562,4563,4564,4565,4567,4568,4569,4571,4573,4574,4582,4590,4591,4593,4597,4598,4603,4604,4605,4607,4619,4620,4621,4626,4629,4630,4632,4633,4677,4685,4693,4694,4702,4703,4704,4705,4706,4707,4708,4716,4766,4775,4779,4788,4790,4801,4805,4808,4810,4812,4820,4821,4825,4826,4828,4830,4832,4833,4836,4845,4847,4848,4849,4852,4855,4856,4858,4871,4872,4874,4876,4883,4884,4885,4888,4889,4890,4892,4893,4899,4900,4901,4902,4906,4907,4911,4916,4918,4919,4920,4921,4922,4924,4925,4926,4927,4928,4930,4933,4935,4937,4939,4940,4941,4942,4943,4944,4956,4958,4959,4960,4961,4962,4971,4972,4978,4979,4999,5026,5027,5028,5029,5030,5045,5046,5047,5048,5049,5051,5052,5054,5055,5056,5062,5064,5066,5068,5070,5071,5072,5075,5078,5080,5081,5111,5118,5123,5124,5127,5129,5137,5138,5139,5141,5143,5144,5146,5147,5158,5160,5165,5166,5168,5169,5170,5171,5172,5173,5183,5184,5185,5187,5188,5190,5191,5192,5194,5195,5204,5205,5217,5219,5225,5226,5227,5228,5229,5230,5231,5232,5233,5234,5235,5237,5239,5241,5243,5245,5247,5248,5250,5252,5253,5254,5255,5256,5257,5260,5261,5262,5272,5273,5274,5275,5276,5277,5280,5281,5282,5285,5286,5287,5290,5292,5296,5297,5298,5307,5308,5309,5310,5311,5318,5331,5332,5333,5334,5340,5349,5363,5365,5366,5367,5370,5371,5377,5378,5380,5381,5382,5391,5396,5397,5398,5400,5405,5407,5410,5414,5415,5416,5417,5419,5421,5422,5429,5431,5432,5434,5435,5436,5437,5444,5445,5446,5448,5451,5452,5453,5454,5455,5456,5458,5459,5461,5462,5463,5464,5465,5469,5470,5471,5472,5480,5485,5486,5487,5488,5489,5491,5497,5498,5500,5505,5508,5516,5521,5522,5526,5528,5531,5532,5533,5536,5539,5542,5545,5547,5548,5549,5550,5551,5554,5556,5557,5573,5577,5578,5579,5582,5583,5584,5588,5591,5595,5606,5610,5611,5615,5621,5656,5662,5683,5684,5685,5686,5687,5688,5689,5694,5695,5701,5738,5739,5740,5741,5742,5743,5745,5749,5752,5753,5754,5755,5756,5757,5758,5759,5760,5761,5762,5764,5765,5766,5769,5770,5775,5783,5784,5789,5795,5804,5810,5812,5816,5818,5821,5826,5829,5834,5835,5837,5840,5841,5844,5845,5868,5874,5880,5883,5885,5888,5891,5893,5902,5906,5907,5908,5922,5923,5985,5993,5994,5995,5999,6001,6002,6004,6011,6018,6019,6020,6021,6022,6023,6024,6025,6026,6027,6028,6029,6030,6031,6032,6035,6036,6046,6078,6080,6088,6105,6108,6114,6117,6131,6149,6151,6178,6179,6180,6181,6183,6184,6188,6196,6199,6202,6203,6207,6209,6212,6215,6216,6222,6233,6234,6235,6236,6239,6240,6241,6242,6243,6244,6247,6251,6253,6257,6262,6264,6265,6266,6267,6268,6269,6271,6272,6274,6275,6276,6277,6280,6283,6284,6285,6286,6287,6288,6294,6295,6297,6299,6311,6313,6314,6315,6316,6317,6318,6319,6320,6321,6322,6324,6357,6358,6359,6360,6361,6362,6363,6364,6365,6366,6367,6372,6374,6376,6377,6378,6384,6385,6386,6387,6388,6389,6391,6392,6393,6400,6401,6410,6412,6415,6419,6420,6423,6440,6444,6446,6454,6455,6460,6462,6463,6468,6471,6472,6473,6474,6475,6478,6482,6483,6485,6488,6489,6490,6491,6495,6496,6497,6498,6505,6506,6514,6515,6516,6517,6518,6532,6533,6534,6535,6536,6537,6538,6539,6540,6541,6542,6553,6564,6565,6570,6571,6572,6574,6575,6576,6583,6589,6591,6598,6602,6603,6604,6605,6611,6614,6617,6619,6624,6634,6648,6653,6654,6664,6665,6666,6669,6676,6677,6684,6686,6687,6688,6689,6691,6692,6694,6697,6700,6717,6718,6725,6726,6727,6728,6731,6733,6741,6752,6772,6777,6778,6779,6780,6781,6782,6785,6786,6787,6788,6830,6831,6832,6833,6838,6850,6855,6856,6857,6858,6859,6870,6871,6872,6874,6878,6879,6881,6882,6884,6885,6886,6887,6888,6889,6890,6893,6894,6898,6899,6908,6910,6911,6912,6913,6917,6919,6920,6923,6927,6930,6954,6955,6956,6957,6995,6996,7007,7008,7009,7022,7045,7053,7060,7063,7067,7069,7072,7073,7075,7076,7078,7079,7080,7082,7083,7084,7086,7089,7092,7094,7095,7096,7097,7098,7099,7100,7101,7102,7103,7104,7105,7106,7107,7108,7115,7162,7164,7168,7173,7174,7175,7200,7202,7203,7204,7205,7207,7208,7210,7211,7212,7214,7215,7217,7218,7219,7220,7221,7223,7224,7225,7226,7227,7228,7229,7230,7231,7234,7235,7236,7237,7238,7239,7258,7260,7261,7266,7268,7269,7270,7276,7279,7292,7296,7297,7298,7299,7300,7301,7302,7302,7304,7313,7354,7355,7356,7357,7358,7359,7360,7366,7369,7371,7382,7383,7391,7402,7424,7425,7426,7427,7428,7429,7433,7436,7438,7441,7445,7446,7447,7451,7452,7453,7454,7455,7456,7458,7459,7466,7473,7475,7483,7487,7490,7492,7494,7504,7509,7510,7526,7552,7566,7568,7569,7575,7576,7579,7580,7582,7583,7586,7587,7590,7594,7606,7608,7616,7618,7619,7621,7622,7623,7624,7637,7638,7640,7642,7643,7644,7648,7649,7650,7651,7652,7657,7659,7662,7666,7667,7669,7670,7671,7676,7679,7685,7687,7688,7690,7691,7696,7697,7698,7699,7700,7701,7709,7711,7712,7713,7714,7717,7718,7719,7720,7721,7723,7724,7725,7726,7728,7736,7745,7751,7753,7761,7763,7764,7765,7766,7770,7779,7781,7788,7791,7793,7795,7796,7797,7798,7799,7800,7801,7802,7803,7804,7805,7806,7807,7808,7809,7810,7811,7812,7813,7814,7815,7816,7817,7818,7819,7822,7823,7824,7830,7840,7841,7842,7843,7844,7845,7851,7856,7857,7858,7859,7862,7863,7878,7879,7882,7887,7889,7892,7895,7904,7912,7915,7917,7926,7953,7977,7978,7988,7994,8000,8013,8018,8019,8020,8021,8022,8023,8024,8026,8028,8037,8038,8040,8044,8047,8048,8050,8052,8056,8058,8060,8065,8076,8080,8082,8086,8087,8099,8107,8113,8119,8121,8123,8129,8130,8131,8132,8141,8142,8143,8144,8151,8218,8226,8227,8228,8229,8230,8231,8235,8237,8238,8240,8241,8247,8248,8250,8252,8253,8254,8255,8256,8257,8258,8259,8260,8261,8262,8263,8264,8265,8266,8280,8281,8282,8283,8286,8287,8291,8303,8309,8311,8314,8317,8318,8319,8328,8329,8331,8346,8347,8348,8355,8360,8365,8366,8367,8368,8369,8371,8373,8374,8375,8379,8382,8384,8385,8396,8397,8402,8408,8411,8418,8443,8465,8466,8468,8493,8495,8498,8503,8504,8513,8514,8515,8516,8517,8518,8519,8520,8521,8522,8523,8524,8525,8527,8528,8529,8530,8531,8532,8537,8574,8600,8601,8602,8603,8604,8605,8611,8612,8616,8617,8618,8619,8620,8621,8622,8623,8632,8634,8635,8636,8638,8647,8648,8649,8650,8652,8664,8669,8678,8679,8680,8682,8686,8687,8688,8689,8690,8693,8697,8699,8700,8701,8704,8706,8707,8708,8709,8710,8711,8712,8713,8714,8715,8717,8718,8719,8720,8721,8723,8734,8741,8742,8757,8763,8764,8771,8776,8777,8802,8803,8807,8808,8809,8810,8811,8812,8814,8833,8849,8850,8853,8854,8855,8857,8864,8876,8878,8882,8905,8923,8925,8926,8928,8929,8930,8933,8934,8938,8940,8945,8946,8947,8948,8949,8950,8952,8953,8954,8955,8956,8957,8958,8959,8961,8962,8963,8964,8965,8966,8970,8971,8972,8979,8981,8982,8983,8984,8985,8986,8987,8988,8989,8990,8991,8992,8993,8998,8999,9001,9002,9003,9004,9006,9008,9010,9011,9021,9022,9023,9024,9025,9026,9027,9028,9029,9030,9031,9032,9033,9040,9042,9043,9044,9045,9046,9047,9049,9051,9054,9057,9058,9080,9084,9088,9091,9102,9114,9115,9116,9118,9119,9120,9121,9122,9123,9124,9125,9126,9129,9142,9148,9173,9174,9175,9176,9177,9178,9181,9195,9198,9199,9245,9246,9247,9248,9249,9260,9265,9267,9287,9288,9316,9325,9326,9327,9335,9336,9350,9351,9352,9353,9354,9366,9367,9370,9371,9372,9373,9374,9375,9376,9377,9378,9379,9380,9381,9382,9383,9384,9419,9420,9421,9423,9424,9425,9426,9437,9447,9468,9473,9477,9483,9486,9489,9524,9538,9539,9541,9542,9543,6,33,36,123,263,397,454,456,457,460,483,487,504,505,520,553,562,569,575,602,647,975,978,979,1016,1283,2085,2086,2105,2193,2194,2293,3050,3060,3061,3063,3312,3313,3314,3315,3316,3321,3749,3750,3835,3857,3930,4021,4022,4173,4406,4452,4453,4850,4945,4946,4947,4948,4949,4950,4951,5069,5074,5087,5088,5089,5094,5095,5098,5100,5106,5113,5164,5279,5300,5304,5364,5482,5540,5541,5910,5983,6007,6110,6116,6182,6232,6249,6261,6263,6278,6282,6525,6548,6550,6554,6581,6667,6675,6678,6933,6997,7090,7267,7499,7668,7942,7993,8097,8114,8376,8506,8553,8639,8761,8951,9113,9317
республиканский	area	367,402,733,1738,1746,1748,1750,2694,3149,3677,4069,4073,4749,5678,6043,7152,7631,518,1037,1754,2953,2987,2988,3181,3423,4072,4813,6947,7114,7129,7315
авторский	content	4411,6465,3233
дарственный	content	3922
периодический	content	907
ретроспективная периодика	content	838,8201
универсальный	content	174,615,702,848,849,881,885,952,1052,1471,1499,1713,1734,1745,1759,1957,1982,2010,2030,2038,2475,2624,2971,3519,4071,4073,4746,4750,5155,5336,5679,6155,6176,6353,7116,7153,7243,7334,7419,7420,7493,7748,7755,8485,8486,9166,92
американский	culture	1167
башкирский	culture	8450,3506,3677
британский	culture	5317
восточный	culture	6301,3007,6494,6558,8504
еврейский	culture	6402,8663
крымскотатарский	culture	4072,4678
русский	culture	3602,6052,5220,9440,9443
славянский	culture	5980,132
татарский	culture	7224,7914
иностранный	content	828,1103,2006,3438,7043,9296,7087
марийский	culture	7203
межкультурный	content	7789
полиэтнический	content	980,1733
досуговый	else	927,8494,2651,290,546,2658,3157,3493,4047,7264,7500,8184,8722,8732
информационный	else	202,290,300,475,811,1491,1492,1495,1504,1513,1557,1577,1598,1630,1651,1663,1695,1963,1992,2092,2119,2179,2974,2975,2976,2977,2978,2979,2982,4061,4494,4973,5284,5350,5352,5353,5384,5552,5675,5677,5728,5729,5925,5990,6646,7156,7550,7589,7591,7660,7683,8014,8033,8217,8221,8296,8359,8482,8491,8732,8827,8870,8871,9013,9095,9167,73,74,75,76,83,85,86,88,1767,4982,5625,5626,5629,7285,7422,7737,7864,7865,7866,8133,1093,1278
кукольный	else	6012
культурный	else	299,1646,2667,3614,3616,4204,4970,5015,6090,7070,8179,823,1892,1906,3553,3611,4106,6815,6962,6969,7318,8215
методический	else	927,1798,7053
нестационарный	else	1796,1859
образовательный	else	9254
общественный центр	else	2176,9098
опорный	else	5681
познавательный	else	2967
просветительный	else	7550
публичный	else	177,704,877,1982,1990,1999,2503,2504,2507,2508,2509,2525,2526,2527,2528,2529,2559,2561,2565,2949,2965,4098,5605,6354,7759,8191,9036,9037,9038,9039,9179,9180,9183,9184,9185,9186,9187,9188,9189,9190,9191,9192,9193,9545,1997,2931,2954,3603,8863
развлекательный	else	2651
аграрный	field	787
археологический	field	4970
гуманитарный	field	8975,3752,5691
деловой	field	1763,5618,8212,8748,5978
естественнонаучный	field	7111
исторический	field	419,1999,8670,1461
краеведческий	field	640,3131,3986,4496,6150,8222,9139,791,1718,3748,5105,8871,192,271,272,273,592,615,717,954,958,1052,1081,1136,1233,1475,2673,2693,4045,4046,4050,4070,4071,4379,4680,5336,5997,6580,6812,7118,7121,7420,9077,9506
литературный	field	7285,7742,904,961,1136
медицинский	field	2991,6224
музейный	field	5658,7397,9053
музыкальный	field	6972,9289
патриотический	field	855,1511,2919,6937
педагогический	field	1762
политехнический	field	4455,2046
политический	field	1483
правовой	field	5618,6139,6154,7743,8212,8863,9156
сельскохозяйственный	field	3132,6991,7558
социогуманитарный	field	7111
социокультурный	field	592,1709,6771
спортивный	field	6436,6438,6441,6936
театральный	field	6405
технический	field	2949,2965,3132,3978,4455,5114
художественный	field	3981,5641
экологический	field	49,1229,1651,3235,4357,5003,9131,3507,6231,6582
экономический	field	839,6987,9065,9156
языковой	field	7087
отраслевой	content	6120
научный	field	615,702,848,849,881,885,907,952,1052,1130,1146,1241,1471,1499,1575,1681,1713,1716,1731,1734,1745,1753,1755,1758,1759,1982,2010,2030,2038,2190,2475,2586,2624,2971,2991,2993,3501,3519,3603,4046,4071,4073,4377,4669,4746,4750,5155,5336,5679,6155,6176,6353,6960,6992,7116,7153,7243,7316,7334,7419,7493,7665,7748,7755,7772,7870,7976,8485,8486,9166,362,787,1762,4970,7754,8179
нотный	field	9297
православный	field	554,5077
блокадный	history	9318
мемориальный	history	1764,2842,6960,6992,6529
модельный	model	117,131,156,219,411,461,472,476,535,577,582,584,659,661,674,676,723,751,754,755,797,814,818,820,948,1078,1122,1151,1288,2042,2079,2186,2239,2282,2283,2294,2300,2303,2304,2305,2306,2307,2477,2478,2484,2486,2494,2503,2504,2505,2506,2507,2508,2509,2510,2513,2514,2516,2518,2519,2520,2521,2522,2525,2526,2527,2528,2529,2530,2533,2536,2537,2539,2541,2542,2543,2544,2546,2548,2550,2551,2552,2556,2559,2560,2561,2562,2563,2564,2565,2570,2573,2579,2580,2582,2584,2585,2587,2588,2589,2590,2591,2592,2593,2594,2595,2596,2597,2598,2599,2600,2601,2604,2605,2606,2609,2610,2782,2783,2842,2890,3084,3090,3122,3125,3145,3233,3311,3365,3373,3380,3415,3417,3504,3517,3558,3559,3561,3563,3564,3566,3682,3683,3684,3738,3739,3740,3743,3745,3756,3768,3769,3775,3781,3782,3783,3784,3786,3788,3789,3790,3791,3792,3800,3895,3975,3991,3993,4008,4143,4144,4235,4268,4269,4270,4271,4272,4273,4274,4275,4276,4278,4279,4280,4281,4282,4283,4284,4285,4286,4287,4292,4293,4294,4295,4299,4344,4349,4411,4417,4462,4494,4503,4514,4545,4556,4619,4694,4960,4961,4962,5063,5066,5142,5333,5562,5564,5567,5733,5737,5769,6044,6200,6465,6486,6487,6506,6516,6539,6567,6589,6785,6786,6788,6836,6840,6927,6940,7051,7162,7178,7181,7182,7183,7185,7186,7187,7189,7191,7260,7261,7425,7428,7483,7504,7579,7580,7611,7659,7677,8058,8242,8243,8574,8622,8762,8777,8814,9036,9037,9038,9039,9170,9179,9180,9183,9184,9185,9186,9187,9188,9189,9190,9191,9192,9193,9369,9374,9375,9376,9377,9378,9379,9380,9381,9382,9383,9384,9385,9387,9388,9389,9390,9391,9392,9393,9394,9396,9399,9400,9401,9402,9403,9404,9407,9408,9411,9412,9413,9540,9545,428,435,477,508,567,623,689,721,778,780,781,1132,2059,2060,2903,3023,3024,3025,3235,3300,3303,3359,3381,3490,3493,3503,3507,3537,3946,3969,3986,4289,4290,4345,4412,4413,4415,4474,4485,4496,4542,4547,4650,4681,4721,4896,5320,5651,5731,6337,6793,6825,6993,7595,7630,8156,8402,8760,8789,9386
межнациональный	people	7760
народный	people	927,1691,3238
национальный	people	1735,1772,1991,1994,1995,1996,3131,6800,8666,8779,972,1022,1232,1581,1737,1749,2947,2986,3131,3132,3180,3411,3676,4377,5339,5604,6343,6528,7111,7130,8135,8195,8479,8796
реабилитационный	social	1504
для незрячих и слабовидящих	social	192,217,717,919,924,1021,1478,1625,1752,1754,3631,5678,6062,6118,9077,9334,9349,217,1756,1880,192,919,924,1021,1625,1752,5678,172,1880,271,272,273,367,402,518,599,717,958,1111,1113,1136,1158,1233,1472,1478,1608,1703,1732,1738,1739,1740,1751,1754,1956,1998,2017,2643,2693,3004,3423,3631,3670,3677,3678,4136,4313,4748,4981,4985,5198,6062,6082,6109,6223,6346,6492,6904,6945,7250,7251,7315,7421,7434,7578,8186,9015,9077,9334,9349,172,6118
ограниченные возможности	social	1027
семейный	social	78,156,177,184,276,395,526,555,750,876,961,962,963,966,970,974,1036,1119,1220,1226,1672,1717,1726,1796,1979,2177,2183,2557,2676,2695,2713,2843,2889,3123,3159,3237,3272,3478,3543,3836,3942,3945,4041,4048,4203,4493,4615,4641,4650,4769,5002,5335,5355,5602,5651,5652,5670,5731,5803,5836,5916,6009,6049,6050,6051,6053,6064,6121,6144,6187,6190,6195,6291,6292,6330,6646,6748,6816,7012,7195,7201,7411,7422,7476,7507,8150,8162,8219,8445,8459,8823,8913,8932,9197,9533,455,3074,8668
специальный	social	192,271,272,273,367,402,518,592,599,919,924,1021,1111,1113,1136,1233,1472,1478,1608,1625,1703,1738,1739,1740,1751,1752,1754,1880,1956,2017,2643,2693,3608,3631,3670,3677,3678,4136,4313,4981,6223,6346,7421,7434,7578,8186,9015,9349,3004,4748,4985,5198,5963
автономный	subordination	7130
государственный	subordination	787,881,907,1482,1575,1736,1998,2006,2027,2188,2190,2624,2971,3631,5679,6155,6354,6405,7155,7243,7434,7772,7870,8213,8245,9349,9364,885,1684,1992,1999,2003,2949,2965,8779
муниципальный	subordination	348,389,451,462,708,1125,1155,1244,1387,1465,1468,1469,1693,1825,2848,3126,3128,3178,3710,3943,3944,3993,4240,5331,5332,5333,5334,5872,6526,6607,6787,7177,7191,7309,7418,7549,7752,8683,8792,8887,9137,9520,60,87,202,417,581,585,1023,1155,1531,2875,4695,4696,4697,4698,4699,4700,4701,4817,4818,4819,4864,4865,4866,4986,4987,4988,4989,4990,4991,4992,4993,4994,5117,7283,7284,7400,7547,8124,8159
районный	subordination	144,146,157,169,182,188,203,207,223,247,277,280,281,285,287,293,309,312,332,336,348,377,389,391,408,415,459,491,515,521,522,568,589,596,600,601,605,617,663,691,698,701,711,739,742,743,747,752,786,824,834,869,890,891,892,913,933,935,955,957,977,998,1014,1032,1039,1050,1053,1085,1110,1116,1126,1128,1135,1137,1138,1141,1246,1289,1306,1323,1324,1325,1474,1479,1485,1490,1507,1516,1532,1543,1551,1564,1583,1617,1652,1683,1689,1692,1708,1727,1730,1821,1824,1944,1953,2020,2029,2047,2062,2063,2109,2110,2115,2255,2264,2296,2309,2310,2354,2356,2523,2602,2659,2666,2698,2738,2803,2840,2846,2869,2886,2891,2897,2898,2904,2907,2909,2930,2951,2964,2981,2998,3003,3059,3099,3138,3167,3170,3175,3231,3245,3265,3266,3318,3324,3332,3342,3343,3359,3412,3480,3508,3511,3532,3583,3605,3606,3754,3760,3787,3800,3802,3804,3819,3852,3903,3912,3924,3928,3955,3984,3994,4051,4052,4062,4067,4138,4146,4172,4238,4241,4266,4332,4376,4381,4410,4430,4432,4433,4436,4449,4461,4492,4497,4500,4526,4537,4538,4551,4552,4554,4631,4636,4640,4648,4656,4709,4731,4735,4738,4742,4763,4792,4809,4842,4853,4931,4966,4976,5019,5060,5084,5130,5148,5249,5270,5283,5313,5329,5424,5433,5443,5447,5529,5572,5580,5601,5607,5616,5620,5638,5657,5660,5704,5710,5722,5768,5791,5873,5915,5946,5958,5959,6008,6013,6016,6047,6068,6138,6168,6200,6201,6305,6349,6356,6371,6397,6403,6456,6527,6544,6546,6549,6555,6567,6592,6615,6632,6662,6673,6685,6690,6696,6711,6724,6739,6763,6770,6773,6790,6834,6837,6921,6924,6928,6929,6935,6943,6967,7034,7065,7091,7126,7158,7163,7233,7262,7263,7282,7294,7295,7303,7308,7310,7375,7394,7449,7474,7488,7516,7518,7519,7524,7533,7549,7617,7635,7636,7785,7831,7848,7877,7884,7936,8051,8061,8062,8063,8070,8127,8147,8168,8176,8183,8190,8192,8232,8353,8372,8390,8469,8472,8488,8496,8499,8505,8575,8576,8577,8606,8683,8754,8773,8780,8783,8785,8788,8790,8815,8936,8937,8978,9019,9152,9153,9154,9165,9269,9292,9361,9491,9518,9519,9525,9526,679,1054,1144,1164,1459,1476,1544,2226,3481,3500,3896,3954,4140,4634,4668,4881,4965,5395,5428,5553,5590,5632,5700,5890,6169,6713,6797,8175,8645,8675,8883
региональный	subordination	475,217,7780
земский	subordination	2524
межмуниципальный	subordination	3936,7553
областной	subordination	229,475,599,631,702,773,878,881,911,919,924,925,980,1021,1035,1111,1113,1130,1140,1146,1158,1241,1471,1472,1478,1499,1575,1608,1625,1635,1681,1686,1700,1703,1710,1713,1715,1716,1729,1731,1733,1734,1736,1739,1740,1741,1742,1744,1745,1747,1752,1753,1755,1757,1758,1759,1880,1935,1957,1982,2009,2010,2011,2013,2015,2025,2030,2031,2032,2033,2188,2190,2475,2581,2586,2643,2695,2696,2948,2971,2972,2993,3400,3519,3607,3631,3670,3674,3678,3766,4038,4136,4313,4382,4746,4747,4750,5155,5653,5654,5664,5679,6109,6155,6176,6223,6346,6352,6353,6625,6823,6864,6965,7110,7116,7122,7153,7316,7334,7419,7421,7493,7578,7634,7702,7748,7755,7760,7873,7976,8186,8214,8485,8486,9015,9016,9166,949,1732,1751,3608
передвижной	type of place	236
зональный	wtf	1148,1392,1393,144